competencia;regiao;grupamento;admissoes;desligamentos;estoque
202003;Nossa Senhora do Socorro;TOTAL;377;405;22001
202003;Nossa Senhora do Socorro;Agropecuária;1;1;82
202003;Nossa Senhora do Socorro;Indústria;115;81;6358
202003;Nossa Senhora do Socorro;Construção;24;37;1176
202003;Nossa Senhora do Socorro;Comércio;139;167;5568
202003;Nossa Senhora do Socorro;Serviços;98;119;8817
202003;Sergipe;TOTAL;6250;9233;275119
202003;Sergipe;Agropecuária;128;453;9460
202003;Sergipe;Indústria;828;1273;46324
202003;Sergipe;Construção;1034;1673;21399
202003;Sergipe;Comércio;1607;2133;61612
202003;Sergipe;Serviços;2653;3701;136319
202003;Sergipe;Não Identificado;0;0;5
202003;Aracaju;TOTAL;3519;5228;154915
202003;Aracaju;Agropecuária;3;3;606
202003;Aracaju;Indústria;210;217;11679
202003;Aracaju;Construção;584;835;15313
202003;Aracaju;Comércio;810;1308;31814
202003;Aracaju;Serviços;1912;2865;95487
202003;Aracaju;Não Identificado;0;0;16
202003;Barra dos Coqueiros;TOTAL;97;106;2790
202003;Barra dos Coqueiros;Agropecuária;0;2;36
202003;Barra dos Coqueiros;Indústria;9;7;279
202003;Barra dos Coqueiros;Construção;43;68;822
202003;Barra dos Coqueiros;Comércio;13;10;445
202003;Barra dos Coqueiros;Serviços;32;19;1208
202003;São Cristóvão;TOTAL;195;191;9139
202003;São Cristóvão;Agropecuária;7;8;494
202003;São Cristóvão;Indústria;38;16;1168
202003;São Cristóvão;Construção;40;38;114
202003;São Cristóvão;Comércio;23;26;803
202003;São Cristóvão;Serviços;87;103;6560
